PLACA;MARCA;MODELO;UNIDADE;PROPRIETARIO;RESPONSAVEL;GERENTE;CNPJ PROPRIETARIO;TIPO PROPRIETARIO;SEGURO STATUS
GCV-0B29;M.BENZ;M.BENZ AXOR / 2036 LS;PRI PONTA GROSSA GARAGEM;V G DE SOUZA & CIA LTDA EPP;Aguinaldo Lopes Antonioli;Joel Schemuda;10.541.615/0001-89;Agente;Inativo
GCV-3B75;M.BENZ;M.BENZ / AXOR 2036 LS;PRI PONTA GROSSA GARAGEM;V G DE SOUZA & CIA LTDA EPP;Aguinaldo Lopes Antonioli;Joel Schemuda;10.541.615/0001-89;Agente;Inativo
LZK-4591;M.BENZ;M BENZ/ L1418 R;PRI PONTA GROSSA GARAGEM;J. OLIVO E OLIVO LTDA - ME;Aguinaldo Lopes Antonioli;Joel Schemuda;05.457.267/0001-26;Agente;Inativo
HWW-2503;FORD;FORD / CARGO 1517 E;PRI PONTA GROSSA GARAGEM;RAFAELA OLIVEIRA FRANCO TRANSPORTE EIREL;Aguinaldo Lopes Antonioli;Joel Schemuda;40.123.004/0001-81;Agente;Ativo
JYT-9J49;M.BENZ;M. BENZ / 1214;PRI PONTA GROSSA GARAGEM;LUCIANO CRIVELARO PERES;Aguinaldo Lopes Antonioli;Joel Schemuda;51.999.202/0001-20;Agente;Inativo
INP-7J34;VOLKSWAGEN;VW/13V180 CNM;PRI PONTA GROSSA GARAGEM;MARCOS ROBERTO DOMINGUES PINTO TRANSPORT;Aguinaldo Lopes Antonioli;Joel Schemuda;45.739.654/0001-70;Agente;Inativo
ATD-2943;M.BENZ;L 1620;PRI PONTA GROSSA GARAGEM;LAURINDO TRANSPORTES LTDA;Aguinaldo Lopes Antonioli;Joel Schemuda;09.394.615/0001-14;Agente;Inativo
BYD-2963;M.BENZ;L 1618;PRI PONTA GROSSA GARAGEM;LAURINDO TRANSPORTES LTDA;Aguinaldo Lopes Antonioli;Joel Schemuda;09.394.615/0001-14;Agente;Inativo
MEX-4010;M.BENZ;M.BENZ/ L 1418;PRI PONTA GROSSA GARAGEM;LAURINDO TRANSPORTES LTDA;Aguinaldo Lopes Antonioli;Joel Schemuda;09.394.615/0001-14;Agente;Inativo
ASC-2C15;M.BENZ;M.BENZ / ATEGO 2425;PRI PONTA GROSSA GARAGEM;RODOPAULO TRANSPORTES LTDA;Marcos Alexandre Alves;Ademir B. Queiroz;49.934.918/0001-05;Agente;Ativo
AOL-1D08;FIAT;FIORINO;PRI PONTA GROSSA GARAGEM;RAFAELA OLIVEIRA FRANCO TRANSPORTE EIREL;Aguinaldo Lopes Antonioli;Joel Schemuda;40.123.004/0001-81;Agente;Ativo
FEC-0B29;M.BENZ;I/MBENZ 310 SPRINTERF;PRI PONTA GROSSA GARAGEM;RAFAELA OLIVEIRA FRANCO TRANSPORTE EIREL;Aguinaldo Lopes Antonioli;Joel Schemuda;40.123.004/0001-81;Agente;Ativo
AOA-7I42;FORD;FORD/CARGO 2422 E;PRI PONTA GROSSA GARAGEM;RODOPAULO TRANSPORTES LTDA;Marcos Alexandre Alves;Ademir B. Queiroz;49.934.918/0001-05;Agente;Ativo
AKC-5I37;I/MBENZ;311CDI SPRINTERF;PRI PONTA GROSSA GARAGEM;RAFAELA OLIVEIRA FRANCO TRANSPORTE EIREL;Aguinaldo Lopes Antonioli;Joel Schemuda;40.123.004/0001-81;Agente;Ativo
AOK-3H72;SR/BONANO SR;SR/BONANO SRF3MN TE;PRI PONTA GROSSA GARAGEM;V G DE SOUZA & CIA LTDA EPP;Aguinaldo Lopes Antonioli;Joel Schemuda;10.541.615/0001-89;Agente;Ativo
BBO-9A18;SR/FACCHINI S;SR/FACCHINI SRF CF;PRI PONTA GROSSA GARAGEM;V G DE SOUZA & CIA LTDA EPP;Aguinaldo Lopes Antonioli;Joel Schemuda;10.541.615/0001-89;Agente;Ativo
BDD-1B54;VW/24.280 CRM;W/24.280 CRM 6X2;PRI PONTA GROSSA GARAGEM;V G DE SOUZA & CIA LTDA EPP;Aguinaldo Lopes Antonioli;Joel Schemuda;10.541.615/0001-89;Agente;Inativo
ATL-2I72;VW/15.180 CNM;VW/15.180;EPC FRANCISCO BELTRAO;MARCOS ROBERTO DOMINGUES PINTO TRANSPORT;Aguinaldo Lopes Antonioli;Joel Schemuda;45.739.654/0001-70;Agente;Inativo
BDX-6D11;VW/24.280;VW/24.280;EPC FRANCISCO BELTRAO;V G DE SOUZA & CIA LTDA EPP;Aguinaldo Lopes Antonioli;Joel Schemuda;10.541.615/0001-89;Agente;Inativo
CMR-9138;SR/RABDON;SR FG;EPC PONTA GROSSA;J R DE SOUZA ABRAHAO LOCADORA EIRELI ME;Andrés Alberto Cáceres;Andrés Alberto Cáceres;23.883.638/0001-13;Agente;Ativo
AAD-8B99;M.BENZ;L1218;EPC PONTA GROSSA;RAFAELA OLIVEIRA FRANCO TRANSPORTE EIREL;Aguinaldo Lopes Antonioli;Joel Schemuda;40.123.004/0001-81;Agente;Ativo
HRZ-8A38;VOLKSWAGEM;VW/17220;EPC CASCAVEL;RODOPAULO TRANSPORTES LTDA;Marcos Alexandre Alves;Ademir B. Queiroz;49.934.918/0001-05;Agente;Inativo
APD-2D61;M.BENZ/ATEGO;M.BENZ/ATEGO 2425;PRI PONTA GROSSA GARAGEM;VALDEMIR GONCALVES ROCHA TRANSPORTES LTD;Andrés Alberto Cáceres;Andrés Alberto Cáceres;37.550.198/0001-97;Agente;Ativo
AKW-5250;M.BENZ;M.BENZ / L1622;PRI PONTA GROSSA GARAGEM;EMIKO ELIZA TANAKA TRANSPORTES - ME;Andrés Alberto Cáceres;Andrés Alberto Cáceres;03.907.456/0001-28;Agente;Inativo
APM-0I61;SCANIA;SCANIA / R124 420;PRI PONTA GROSSA GARAGEM;ANDRE TANAKA MARTINS;Andrés Alberto Cáceres;Andrés Alberto Cáceres;19.078.528/0001-01;Agente;Inativo
ASD-3907;M.BENZ;M.BENZ / AXOR 1933 S;PRI PONTA GROSSA GARAGEM;ANDRE TANAKA MARTINS;Andrés Alberto Cáceres;Andrés Alberto Cáceres;19.078.528/0001-01;Agente;Inativo
AWH-8E15;M.BENZ;M.BENZ / AXOR 2036 S;PRI PONTA GROSSA GARAGEM;ANDRE TANAKA MARTINS;Andrés Alberto Cáceres;Andrés Alberto Cáceres;19.078.528/0001-01;Agente;Ativo
AXH-5058;M.BENZ;M.BENZ / AXOR 2041 S;PRI PONTA GROSSA GARAGEM;ANDRE TANAKA MARTINS;Andrés Alberto Cáceres;Andrés Alberto Cáceres;19.078.528/0001-01;Agente;Inativo
BDO-9J81;M.BENZ;M.BENZ / AXOR 2036 LS;PRI PONTA GROSSA GARAGEM;ANDRE TANAKA MARTINS;Andrés Alberto Cáceres;Andrés Alberto Cáceres;19.078.528/0001-01;Agente;Inativo
EGK-6526;M.BENZ;M.BENZ / AXOR / 2035;PRI PONTA GROSSA GARAGEM;ANDRE TANAKA MARTINS;Andrés Alberto Cáceres;Andrés Alberto Cáceres;19.078.528/0001-01;Agente;Ativo
IQV-8B95;M.BENZ / AXOR;M.BENZ / AXOR 2040 S;PRI PONTA GROSSA GARAGEM;ANDRE TANAKA MARTINS;Andrés Alberto Cáceres;Andrés Alberto Cáceres;19.078.528/0001-01;Agente;Ativo
AJI-3D22;M.BENZ;ATEGO 2425;PRI PONTA GROSSA GARAGEM;VALDEMIR GONCALVES ROCHA TRANSPORTES LTD;Andrés Alberto Cáceres;Andrés Alberto Cáceres;37.550.198/0001-97;Agente;Ativo
AJI-0C16;M.BENZ;M.BENZ / ATEGO 2425;PRI PONTA GROSSA GARAGEM;VALDEMIR GONCALVES ROCHA TRANSPORTES LTD;Andrés Alberto Cáceres;Andrés Alberto Cáceres;37.550.198/0001-97;Agente;Ativo
AMY-4H97;M.BENZ;M.BENZ/ATEGO 1725;PRI PONTA GROSSA GARAGEM;VALDEMIR GONCALVES ROCHA TRANSPORTES LTD;Andrés Alberto Cáceres;Andrés Alberto Cáceres;37.550.198/0001-97;Agente;Ativo
APR-6C41;M.BENZ;M.BENZ / ATEGO 2425;PRI PONTA GROSSA GARAGEM;VALDEMIR GONCALVES ROCHA TRANSPORTES LTD;Andrés Alberto Cáceres;Andrés Alberto Cáceres;37.550.198/0001-97;Agente;Ativo
AST-1B34;VOLVO;VOLVO / VM 240 6X2R;PRI PONTA GROSSA GARAGEM;VALDEMIR GONCALVES ROCHA TRANSPORTES LTD;Andrés Alberto Cáceres;Andrés Alberto Cáceres;37.550.198/0001-97;Agente;Ativo
MFS-2C17;M.BENZ;M.BENZ ATEGO 2425;PRI PONTA GROSSA GARAGEM;VALDEMIR GONCALVES ROCHA TRANSPORTES LTD;Andrés Alberto Cáceres;Andrés Alberto Cáceres;37.550.198/0001-97;Agente;Inativo
AOK-7932;M.BENZ;M.BENZ / L1620;PRI PONTA GROSSA GARAGEM;EMIKO ELIZA TANAKA TRANSPORTES - ME;Andrés Alberto Cáceres;Andrés Alberto Cáceres;03.907.456/0001-28;Agente;Inativo
BAF-6533;MBENZ;M.BENZ ATEGO / 2430;PRI PONTA GROSSA GARAGEM;EMIKO ELIZA TANAKA TRANSPORTES - ME;Andrés Alberto Cáceres;Andrés Alberto Cáceres;03.907.456/0001-28;Agente;Inativo
BDV-6I14;MBENZ;M.BENZ / ATEGO 2426;PRI PONTA GROSSA GARAGEM;EMIKO ELIZA TANAKA TRANSPORTES - ME;Andrés Alberto Cáceres;Andrés Alberto Cáceres;03.907.456/0001-28;Agente;Inativo
PLU-6I36;M.BENZ;M.BENZ/AXOR 2041 LS;PRI PONTA GROSSA GARAGEM;EMIKO ELIZA TANAKA TRANSPORTES - ME;Andrés Alberto Cáceres;Andrés Alberto Cáceres;03.907.456/0001-28;Agente;Ativo
FJX-5D11;SCANIA;SCANIA/R 440 A6X2;PRI PONTA GROSSA GARAGEM;EMIKO ELIZA TANAKA TRANSPORTES - ME;Andrés Alberto Cáceres;Andrés Alberto Cáceres;03.907.456/0001-28;Agente;Ativo
AZT-3J47;SCANIA;SCANIA/P 360 A6X2;PRI PONTA GROSSA GARAGEM;TRANSPORTES RUBIAME LTDA;Andrés Alberto Cáceres;Andrés Alberto Cáceres;02.491.037/0001-95;Agente;Ativo
BBM-5G86;SR/FACCHINI SRF CF;FACCHINI;PRI PONTA GROSSA GARAGEM;ANDRE TANAKA MARTINS;Andrés Alberto Cáceres;Andrés Alberto Cáceres;19.078.528/0001-01;Agente;Ativo
MEY-1C33;VOLKSWAGEN;24.250 CNC 6X2;PRI PONTA GROSSA GARAGEM;VALDEMIR GONCALVES ROCHA TRANSPORTES LTD;Andrés Alberto Cáceres;Andrés Alberto Cáceres;37.550.198/0001-97;Agente;Inativo
NFE-5384;GALEGO;REB/TRUCK GALEGO SR;PRI PONTA GROSSA GARAGEM;ANDRE TANAKA MARTINS;Andrés Alberto Cáceres;Andrés Alberto Cáceres;19.078.528/0001-01;Agente;Ativo
AZH-0360;SCANIA;SCANIA/P 360 A 4X2;PRI PONTA GROSSA GARAGEM;TRANSPORTES RUBIAME LTDA;Andrés Alberto Cáceres;Andrés Alberto Cáceres;02.491.037/0001-95;Agente;Ativo
ATP-5H63;RANDON;SR RANDON;PRI PONTA GROSSA GARAGEM;ANDRE TANAKA MARTINS;Andrés Alberto Cáceres;Andrés Alberto Cáceres;19.078.528/0001-01;Agente;Inativo
RTX-6A41;MERCEDES BENZ;M.BENZ/AXOR 2536 S;PRI PONTA GROSSA GARAGEM;EMIKO ELIZA TANAKA TRANSPORTES - ME;Andrés Alberto Cáceres;Andrés Alberto Cáceres;03.907.456/0001-28;Agente;Ativo
PLU-6I36;M.BENZ;M.BENZ/AXOR;EPC CURITIBA;ANDRE TANAKA MARTINS;Andrés Alberto Cáceres;Andrés Alberto Cáceres;19.078.528/0001-01;Agente;Inativo
AWD-2F24;MERCEDES BENZ;ATEGO 2425;EPC CURITIBA;VALDEMIR GONCALVES ROCHA TRANSPORTES LTD;Andrés Alberto Cáceres;Andrés Alberto Cáceres;37.550.198/0001-97;Agente;Ativo
AAV-9E87;M.BENZ;M.BENZ/L 1218;PRI PONTA GROSSA GARAGEM;E C ALVES DE OLIVEIRA TRANSPORTES LTDA;Fernando Henrique De Jesus;Joel Schemuda;41.196.096/0001-92;Agente;Inativo
BWH-3157;M.BENZ;M.BENZ / LA 1113;PRI PONTA GROSSA GARAGEM;TRANSPORTES ROTIVALI LTDA;Fernando Henrique De Jesus;Joel Schemuda;10.333.996/0001-00;Agente;Inativo
ALL-7915;VOLKSWAGEN;VOLKSWAGEM;PRI PONTA GROSSA GARAGEM;TRANSPORTES SABATOSKI LTDA;Silvio Alves;Joel Schemuda;06.146.044/0001-00;Agente;Inativo
AZS-0897;VOLKSWAGEN;M BENS/L608 D;PRI PONTA GROSSA GARAGEM;TRANSPORTES SABATOSKI LTDA;Silvio Alves;Joel Schemuda;06.146.044/0001-00;Agente;Inativo
FZO-4G48;VOLKSWAGEN;VW/8.160 DRC 4X2;PRI PONTA GROSSA GARAGEM;TRANSPORTES SABATOSKI LTDA;Silvio Alves;Joel Schemuda;06.146.044/0001-00;Agente;Inativo
ASU-0934;VOLKSWAGEN;VW 13180;PRI PONTA GROSSA GARAGEM;E C ALVES DE OLIVEIRA TRANSPORTES LTDA;Fernando Henrique De Jesus;Joel Schemuda;41.196.096/0001-92;Agente;Inativo
APT-9795;FIAT;FIAT FIORINO FLEX;PRI PONTA GROSSA GARAGEM;EPC-ENC-CIANORTE-PR;Fernando Henrique De Jesus;Joel Schemuda;04.292.481/0001-07;Agente;Ativo
AJJ-5827;M.BENZ;M. BENZ / 710;PRI PONTA GROSSA GARAGEM;EPC-ENC-CIANORTE-PR;Fernando Henrique De Jesus;Joel Schemuda;04.292.481/0001-07;Agente;Inativo
LYO-1H65;M.BENZ/L1113;L1113;PRI PONTA GROSSA GARAGEM;EPC-ENC-CIANORTE-PR;Fernando Henrique De Jesus;Joel Schemuda;04.292.481/0001-07;Agente;Inativo
AQB-6G21;FIAT;FIAT FIORINO FLEX;PRI PONTA GROSSA GARAGEM;EPC-ENC-CIANORTE-PR;Fernando Henrique De Jesus;Joel Schemuda;04.292.481/0001-07;Agente;Ativo
ATZ-8A72;FIAT;FIAT FIORINO FLEX;PRI PONTA GROSSA GARAGEM;EPC-ENC-CIANORTE-PR;Fernando Henrique De Jesus;Joel Schemuda;04.292.481/0001-07;Agente;Ativo
AUA-8H87;FIAT;FIAT FIORINO FLEX;PRI PONTA GROSSA GARAGEM;EPC-ENC-CIANORTE-PR;Fernando Henrique De Jesus;Joel Schemuda;04.292.481/0001-07;Agente;Ativo
AAF-6D80;M.BENZ / L1113;M.BENZ / L1113;PRI PONTA GROSSA GARAGEM;TRANSPORTES ROTIVALI LTDA;Fernando Henrique De Jesus;Joel Schemuda;10.333.996/0001-00;Agente;Inativo
PJS-3E01;FORD;CARGO 816 S;PRI PONTA GROSSA GARAGEM;E C ALVES DE OLIVEIRA TRANSPORTES LTDA;Fernando Henrique De Jesus;Joel Schemuda;41.196.096/0001-92;Agente;Inativo
AQK-7B59;M.BENZ;M.BENZ/AX0R 1933 S;PRI PONTA GROSSA GARAGEM;RENASCER TRANSPORTES LTDA;Jean Carlos Machado / Eduardo Junior Lisboa;Alcides De Batisa;29.153.734/0001-92;Agente;Ativo
MDG-5J77;FORD;FORD/CARGO 1517 F;PRI PONTA GROSSA GARAGEM;ALFREDO ALCIR COELHO;Jean Carlos Machado / Eduardo Junior Lisboa;Alcides De Batisa;27.651.497/0001-64;Agente;Ativo
MIS-7232;M.BENZ;VW/24.250 CNC 6X2;PRI PONTA GROSSA GARAGEM;RENASCER TRANSPORTES LTDA;Jean Carlos Machado / Eduardo Junior Lisboa;Alcides De Batisa;29.153.734/0001-92;Agente;Ativo
RLF-9E44;M.BENZ;M.BENZ;PRI PONTA GROSSA GARAGEM;ABATTI TRANSPORTES E SERVICOS LTDA;Jean Carlos Machado / Eduardo Junior Lisboa;Alcides De Batisa;80.668.833/0001-64;Agente;Ativo
NAV-1H27;IVECO;IVECO/STRALIS 530S36T;PRI PONTA GROSSA GARAGEM;ALFREDO ALCIR COELHO;Jean Carlos Machado / Eduardo Junior Lisboa;Alcides De Batisa;27.651.497/0001-64;Agente;Ativo
MIU-1G30;IVECO;CURSOR 450E;EPC PONTA GROSSA;ALFREDO ALCIR COELHO;Jean Carlos Machado / Eduardo Junior Lisboa;Alcides De Batisa;27.651.497/0001-64;Agente;Ativo
MMH-6A83;SCANIA;G 400 A6X2;EPC PONTA GROSSA;TRANSPORTES CONSTANCI LTDA;Jean Carlos Machado / Eduardo Junior Lisboa;Alcides De Batisa;78.840.238/0001-12;Agente;Ativo
QJY-8B71;DAF;XF105;EPC PONTA GROSSA;BETANIN TRANSPORTES LTDA;Jean Carlos Machado / Eduardo Junior Lisboa;Alcides De Batisa;05.758.887/0001-03;Agente;Ativo
QJS-0908;SR/PALMEIRA S;SR/PALMEIRA;EPC PONTA GROSSA;TRANSPORTES CONSTANCI LTDA;Jean Carlos Machado / Eduardo Junior Lisboa;Alcides De Batisa;78.840.238/0001-12;Agente;Ativo
QJU-5H58;SR;PALMEIRA;EPC PONTA GROSSA;BETANIN TRANSPORTES LTDA;Jean Carlos Machado / Eduardo Junior Lisboa;Alcides De Batisa;05.758.887/0001-03;Agente;Ativo
SXX-0B57;SR;NIJU SJSRFR;EPC SAO PAULO;TRANSPORTES CONSTANCI LTDA;Jean Carlos Machado / Eduardo Junior Lisboa;Alcides De Batisa;78.840.238/0001-12;Agente;Ativo
QJY-7B28;SCANIA;R450 A6X2;EPC SAO PAULO;TRANSPORTES CONSTANCI LTDA;Jean Carlos Machado / Eduardo Junior Lisboa;Alcides De Batisa;78.840.238/0001-12;Agente;Ativo
MJB-0C88;SCANIA/R 380;SCANIA/R 38;EPC PONTA GROSSA;BETANIN TRANSPORTES LTDA;Jean Carlos Machado / Eduardo Junior Lisboa;Alcides De Batisa;05.758.887/0001-03;Agente;Ativo
OKD-9G38;SR/FACCHINI S;SR/FACCHINI;EPC PONTA GROSSA;BETANIN TRANSPORTES LTDA;Jean Carlos Machado / Eduardo Junior Lisboa;Alcides De Batisa;05.758.887/0001-03;Agente;Ativo
RLA-0F36;VOLKSWAGEN;24.280 CRM 6X2;PRI PONTA GROSSA GARAGEM;ABATTI TRANSPORTES E SERVICOS LTDA;Jean Carlos Machado / Eduardo Junior Lisboa;Alcides De Batisa;80.668.833/0001-64;Agente;Ativo
QJO-5H02;VW;19.360 CTC;EPC CURITIBA;RENASCER TRANSPORTES LTDA;Jean Carlos Machado / Eduardo Junior Lisboa;Alcides De Batisa;29.153.734/0001-92;Agente;Inativo
LZT-5I10;FORD;FORD /CARGO;PRI PONTA GROSSA GARAGEM;J. L. RIGO TRANSPORTES;Marcos Alexandre Alves;Ademir B. Queiroz;34.006.013/0001-90;Agente;Inativo
AZY-5J95;FORD;CARGO;PRI PONTA GROSSA GARAGEM;JPS LOGISTICA E DISTRIBUICAO LTDA;Marcos Alexandre Alves;Ademir B. Queiroz;10.636.141/0001-59;Agente;Ativo
BAR-7I87;M.BENZ;M.BENZ / L1218;PRI PONTA GROSSA GARAGEM;ROQUE IVANIR PEREIRA;Marcos Alexandre Alves;Ademir B. Queiroz;60.339.402/0001-47;Agente;Inativo
AXQ-3C38;VOLKSWAGEN;VW/24.280 CRM 6X2;PRI PONTA GROSSA GARAGEM;RODOPAULO TRANSPORTES LTDA;Marcos Alexandre Alves;Ademir B. Queiroz;49.934.918/0001-05;Agente;Ativo
CRH-3F01;M.BENZ;914 C;PRI PONTA GROSSA GARAGEM;LEANDRO PADILHA DE SOUZA;Marcos Alexandre Alves;Ademir B. Queiroz;52.759.276/0001-51;Agente;Inativo
SFM-5J83;IVECO;IVECO/TECTO;EPC CASCAVEL;JPS LOGISTICA E DISTRIBUICAO LTDA;Marcos Alexandre Alves;Ademir B. Queiroz;10.636.141/0001-59;Agente;Inativo
GLB-7A87;M.BENZ/L 1218;M.BENZ/L 12;EPC CASCAVEL;LEANDRO PADILHA DE SOUZA;Marcos Alexandre Alves;Ademir B. Queiroz;52.759.276/0001-51;Agente;Inativo
BCY-4C56;VW;VW/17.230 C;EPC CASCAVEL;JPS LOGISTICA E DISTRIBUICAO LTDA;Marcos Alexandre Alves;Ademir B. Queiroz;10.636.141/0001-59;Agente;Inativo
NZW-4D41;FORD;FORD/CARGO 2423;PRI PONTA GROSSA GARAGEM;VELOG CARGAS LTDA;Marcos Vinicius / Balestrin Koslovski;Ademir B. Queiroz;42.697.107/0001-80;Agente;Inativo
AVR-5C96;M.BENZ;M.BENZ/ATEGO 2429CE;PRI PONTA GROSSA GARAGEM;DALLA CORTE E LIMA TRANSPORTES LTDA ME;Neri Moreira;Ademir B. Queiroz;26.615.507/0001-43;Agente;Ativo
AWS-5689;M.BENZ;M.BENZ/ACCELO 815;PRI PONTA GROSSA GARAGEM;DALLA CORTE E LIMA TRANSPORTES LTDA ME;Neri Moreira;Ademir B. Queiroz;26.615.507/0001-43;Agente;Ativo
IYC-8F13;M.BENZ;I/M.BENZ 515CDISPRINTERC;PRI PONTA GROSSA GARAGEM;DALLA CORTE E LIMA TRANSPORTES LTDA ME;Neri Moreira;Ademir B. Queiroz;26.615.507/0001-43;Agente;Inativo
TAL-6J87;M.BENZ;M.BENZ/ATEGO 2429CE;PRI PONTA GROSSA GARAGEM;DALLA CORTE E LIMA TRANSPORTES LTDA ME;Neri Moreira;Ademir B. Queiroz;26.615.507/0001-43;Agente;Inativo
AWO-6B05;M.BENZ;M.BENZ/ATEGO2426;PRI PONTA GROSSA GARAGEM;DALLA CORTE E LIMA TRANSPORTES LTDA ME;Neri Moreira;Ademir B. Queiroz;26.615.507/0001-43;Agente;Ativo
COR-7B99;M.BENZ;ATEGO 2430;PRI PONTA GROSSA GARAGEM;DALLA CORTE E LIMA TRANSPORTES LTDA ME;Neri Moreira;Ademir B. Queiroz;26.615.507/0001-43;Agente;Inativo
PYO-7B78;FIAT;FIORINO HD WK E;PRI PONTA GROSSA GARAGEM;DALLA CORTE E LIMA TRANSPORTES LTDA ME;Neri Moreira;Ademir B. Queiroz;26.615.507/0001-43;Agente;Inativo
QJX-1I14;M.BENZ;ATEGO 2426;PRI PONTA GROSSA GARAGEM;DALLA CORTE E LIMA TRANSPORTES LTDA ME;Neri Moreira;Ademir B. Queiroz;26.615.507/0001-43;Agente;Inativo
QXJ-8J38;VOLVO;FH 460 6X2T;EPC PONTA GROSSA;SUELI DE FATIMA PESIN- ME;Marcos Vinicius / Balestrin Koslovski;Ademir B. Queiroz;20.999.404/0001-48;Agente;Inativo
SFN-8I84;SR;GUERRASP SR;EPC PONTA GROSSA;SUELI DE FATIMA PESIN- ME;Marcos Vinicius / Balestrin Koslovski;Ademir B. Queiroz;20.999.404/0001-48;Agente;Inativo
AZT-7C03;M BENZ;ACCELO 815;EPC FRANCISCO BELTRAO;DALLA CORTE E LIMA TRANSPORTES LTDA ME;Neri Moreira;Ademir B. Queiroz;26.615.507/0001-43;Agente;Inativo
UAW-9H18;VW/30.320 CRM;VW/30.320 C;EPC FRANCISCO BELTRAO;ABC LOGISTICA E TRANSPORTE LTDA;Marcos Vinicius / Balestrin Koslovski;Ademir B. Queiroz;33.833.086/0001-92;Agente;Inativo
UAV-3E52;IVECO;TECTOR 31-3;EPC SAO PAULO;ABC LOGISTICA E TRANSPORTE LTDA;Marcos Vinicius / Balestrin Koslovski;Ademir B. Queiroz;33.833.086/0001-92;Agente;Inativo
UBZ-0C98;M.BENZ;ATEGO/2433;EPC GUARAPUAVA;DALLA CORTE E LIMA TRANSPORTES LTDA ME;Neri Moreira;Ademir B. Queiroz;26.615.507/0001-43;Agente;Inativo
AHQ-3D38;VW;24280 CRM;EPC SAO PAULO;ABC LOGISTICA E TRANSPORTE LTDA;Marcos Vinicius / Balestrin Koslovski;Ademir B. Queiroz;33.833.086/0001-92;Agente;Inativo
TBV-6D35;VOLKWAGNE;DELIVERY;CTL GOIANIA;ABC LOGISTICA E TRANSPORTE LTDA;Marcos Vinicius / Balestrin Koslovski;Ademir B. Queiroz;33.833.086/0001-92;Agente;Inativo
SED-4G18;VW;24280;CTL GOIANIA;ABC LOGISTICA E TRANSPORTE LTDA;Marcos Vinicius / Balestrin Koslovski;Ademir B. Queiroz;33.833.086/0001-92;Agente;Inativo
TAZ-8F45;VW;26320 CRM;CTL GOIANIA;ABC LOGISTICA E TRANSPORTE LTDA;Marcos Vinicius / Balestrin Koslovski;Ademir B. Queiroz;33.833.086/0001-92;Agente;Inativo
SFG-6I55;VW;26320 CRM;CTL GOIANIA;ABC LOGISTICA E TRANSPORTE LTDA;Marcos Vinicius / Balestrin Koslovski;Ademir B. Queiroz;33.833.086/0001-92;Agente;Inativo
SEJ-1G84;SCANIA;P320 B8X2;CTL GOIANIA;ABC LOGISTICA E TRANSPORTE LTDA;Marcos Vinicius / Balestrin Koslovski;Ademir B. Queiroz;33.833.086/0001-92;Agente;Inativo
SEQ-4F90;VOLKSWAGEN;26.320 CRM;CTL GOIANIA;ABC LOGISTICA E TRANSPORTE LTDA;Marcos Vinicius / Balestrin Koslovski;Ademir B. Queiroz;33.833.086/0001-92;Agente;Inativo
TAP-5C68;VOLKSWAGEN;VW/30.320 C;CTL GOIANIA;ABC LOGISTICA E TRANSPORTE LTDA;Marcos Vinicius / Balestrin Koslovski;Ademir B. Queiroz;33.833.086/0001-92;Agente;Inativo
SFJ-4A37;VOLKSWAGEN;VW/30.320 C;CTL GOIANIA;ABC LOGISTICA E TRANSPORTE LTDA;Marcos Vinicius / Balestrin Koslovski;Ademir B. Queiroz;33.833.086/0001-92;Agente;Inativo
TBF-4G50;DAF;CF FAC 310;CTL GOIANIA;ABC LOGISTICA E TRANSPORTE LTDA;Marcos Vinicius / Balestrin Koslovski;Ademir B. Queiroz;33.833.086/0001-92;Agente;Inativo
TBY-8F43;VOLVO;FH 460 6X2T;CTL GOIANIA;ABC LOGISTICA E TRANSPORTE LTDA;Marcos Vinicius / Balestrin Koslovski;Ademir B. Queiroz;33.833.086/0001-92;Agente;Inativo
SED-4G31;VOLKSWAGEN;24.280 CRM;CTL GOIANIA;ABC LOGISTICA E TRANSPORTE LTDA;Marcos Vinicius / Balestrin Koslovski;Ademir B. Queiroz;33.833.086/0001-92;Agente;Inativo
UAS-1C73;VIDEIRA;CF 4EEAG;CTL GOIANIA;ABC LOGISTICA E TRANSPORTE LTDA;Marcos Vinicius / Balestrin Koslovski;Ademir B. Queiroz;33.833.086/0001-92;Agente;Inativo
MDB-1A63;FACCHINI;SR/FACCHINI;CTL GOIANIA;ABC LOGISTICA E TRANSPORTE LTDA;Marcos Vinicius / Balestrin Koslovski;Ademir B. Queiroz;33.833.086/0001-92;Agente;Inativo
AXD-5C23;FORD;CARGO 2429 L;PRI PONTA GROSSA GARAGEM;GRVS TRANSPORTES LTDA;Marcos Vinicius / Balestrin Koslovski;Ademir B. Queiroz;59.912.108/0001-01;Agente;Ativo
UBN-7A87;VW;26320;CTL GOIANIA;ABC LOGISTICA E TRANSPORTE LTDA;Marcos Vinicius / Balestrin Koslovski;Ademir B. Queiroz;33.833.086/0001-92;Agente;Inativo
AXY-5F73;FORD;FORD / CARGO 2423;PRI PONTA GROSSA GARAGEM;PONTUAL TRANSPORTES RODOVIARIOS LTDA;Neri Moreira;Ademir B. Queiroz;19.250.074/0001-04;Agente;Ativo
MDO-3E44;M.BENZ;M.BENZ/L 1318;PRI PONTA GROSSA GARAGEM;JOAO MIGUEL DE CASTRO VERA;Rafael da Silva Nascimento;Márcio Asnal Ribeiro ;49.243.004/0001-90;Agente;Inativo
EPZ-9F61;VOLKSWAGEN;VW 5140;PRI PONTA GROSSA GARAGEM;JOAO PEDRO GARCIA SILVA TRANSPORTES;Rafael da Silva Nascimento;Márcio Asnal Ribeiro ;41.103.154/0001-96;Agente;Inativo
BPQ-5G56;M.BENZ;MBENZ /AXOR 2041 LS;PRI PONTA GROSSA GARAGEM;J R DE SOUZA ABRAHAO LOCADORA EIRELI ME;Andrés Alberto Cáceres;Andrés Alberto Cáceres;23.883.638/0001-13;Agente;Ativo
BSY-5G56;M.BENZ;M.BENZ/AXOR 2041 LS;PRI PONTA GROSSA GARAGEM;J R DE SOUZA ABRAHAO LOCADORA EIRELI ME;Andrés Alberto Cáceres;Andrés Alberto Cáceres;23.883.638/0001-13;Agente;Ativo
CQH-1492;M.BENZ;M.BENZ / AXOR 2035 S;PRI PONTA GROSSA GARAGEM;J R DE SOUZA ABRAHAO LOCADORA EIRELI ME;Andrés Alberto Cáceres;Andrés Alberto Cáceres;23.883.638/0001-13;Agente;Ativo
DPB-6643;IVECO;IVECO/EUROTECH 450E37TN1;PRI PONTA GROSSA GARAGEM;J R DE SOUZA ABRAHAO LOCADORA EIRELI ME;Andrés Alberto Cáceres;Andrés Alberto Cáceres;23.883.638/0001-13;Agente;Ativo
DPE-5614;M.BENZ;AXOR 2035 S;PRI PONTA GROSSA GARAGEM;J R DE SOUZA ABRAHAO LOCADORA EIRELI ME;Andrés Alberto Cáceres;Andrés Alberto Cáceres;23.883.638/0001-13;Agente;Ativo
DUU-5B21;M.BENZ;AXOR 2544 LS;PRI PONTA GROSSA GARAGEM;J R DE SOUZA ABRAHAO LOCADORA EIRELI ME;Andrés Alberto Cáceres;Andrés Alberto Cáceres;23.883.638/0001-13;Agente;Ativo
FPO-4J71;RANDON;SR SEFG CG;PRI PONTA GROSSA GARAGEM;J R DE SOUZA ABRAHAO LOCADORA EIRELI ME;Andrés Alberto Cáceres;Andrés Alberto Cáceres;23.883.638/0001-13;Agente;Inativo
FVS-0C80;M.BENZ;AXOR 2036 S;PRI PONTA GROSSA GARAGEM;J R DE SOUZA ABRAHAO LOCADORA EIRELI ME;Andrés Alberto Cáceres;Andrés Alberto Cáceres;23.883.638/0001-13;Agente;Ativo
OYM-6C71;M.BENZ;AXOR 2041 S;PRI PONTA GROSSA GARAGEM;J R DE SOUZA ABRAHAO LOCADORA EIRELI ME;Andrés Alberto Cáceres;Andrés Alberto Cáceres;23.883.638/0001-13;Agente;Ativo
DTE-2H12;HYUNDAI;I/HYUNDAI HR HDLWBSC;PRI PONTA GROSSA GARAGEM;JOAO PEDRO GARCIA SILVA TRANSPORTES;Rafael da Silva Nascimento;Márcio Asnal Ribeiro ;41.103.154/0001-96;Agente;Ativo
EES-9B71;CAMINHONETE;CAMINHONETE;PRI PONTA GROSSA GARAGEM;JOAO PEDRO GARCIA SILVA TRANSPORTES;Rafael da Silva Nascimento;Márcio Asnal Ribeiro ;41.103.154/0001-96;Agente;Ativo
GXA-3593;M.BENZ;M.BENZ / 712C;PRI PONTA GROSSA GARAGEM;JOSE MARIA DA SILVA;Rafael da Silva Nascimento;Márcio Asnal Ribeiro ;58.403.355/0001-01;Agente;Ativo
ATB-5H78;RANDON;SR/GUERRA AG FG;PRI PONTA GROSSA GARAGEM;J R DE SOUZA ABRAHAO LOCADORA EIRELI ME;Andrés Alberto Cáceres;Andrés Alberto Cáceres;23.883.638/0001-13;Agente;Ativo
ATN-5B96;FACCHINI;SR/FACCHINI SRF CF;PRI PONTA GROSSA GARAGEM;J R DE SOUZA ABRAHAO LOCADORA EIRELI ME;Andrés Alberto Cáceres;Andrés Alberto Cáceres;23.883.638/0001-13;Agente;Ativo
BYP-8A17;RANDON;SR/FACCHINI SRF LO;PRI PONTA GROSSA GARAGEM;J R DE SOUZA ABRAHAO LOCADORA EIRELI ME;Andrés Alberto Cáceres;Andrés Alberto Cáceres;23.883.638/0001-13;Agente;Ativo
CJY-0252;RANDON;REB / RANDON SR FD CG;PRI PONTA GROSSA GARAGEM;J R DE SOUZA ABRAHAO LOCADORA EIRELI ME;Andrés Alberto Cáceres;Andrés Alberto Cáceres;23.883.638/0001-13;Agente;Ativo
CPI-0718;RANDON;CARGA SEMI REBOQUE;PRI PONTA GROSSA GARAGEM;J R DE SOUZA ABRAHAO LOCADORA EIRELI ME;Andrés Alberto Cáceres;Andrés Alberto Cáceres;23.883.638/0001-13;Agente;Ativo
EPK-1954;M.BENZ;M.BENZ/AXOR 2040;PRI PONTA GROSSA GARAGEM;J R DE SOUZA ABRAHAO LOCADORA EIRELI ME;Andrés Alberto Cáceres;Andrés Alberto Cáceres;23.883.638/0001-13;Agente;Ativo
GIY-2D82;SR;SR/PALMEIRA SRCF 3E;PRI PONTA GROSSA GARAGEM;J R DE SOUZA ABRAHAO LOCADORA EIRELI ME;Andrés Alberto Cáceres;Andrés Alberto Cáceres;23.883.638/0001-13;Agente;Ativo
GYS-5605;RANDON;SR / RANDON SR FG;PRI PONTA GROSSA GARAGEM;J R DE SOUZA ABRAHAO LOCADORA EIRELI ME;Andrés Alberto Cáceres;Andrés Alberto Cáceres;23.883.638/0001-13;Agente;Ativo
BEF-3G75;M.BENZ/AXOR 2;M.BENZ/AXOR 2036 LS;PRI PONTA GROSSA GARAGEM;J R DE SOUZA ABRAHAO LOCADORA EIRELI ME;Andrés Alberto Cáceres;Andrés Alberto Cáceres;23.883.638/0001-13;Agente;Ativo
BWJ-3955;SR/FACCHINI S;SR/FACCHINI SRFCF;PRI PONTA GROSSA GARAGEM;J R DE SOUZA ABRAHAO LOCADORA EIRELI ME;Andrés Alberto Cáceres;Andrés Alberto Cáceres;23.883.638/0001-13;Agente;Inativo
DJC-0I38;M.BENZ/L 1620;M.BENZ/L 1620;PRI PONTA GROSSA GARAGEM;JOAO MIGUEL DE CASTRO VERA;Rafael da Silva Nascimento;Márcio Asnal Ribeiro ;49.243.004/0001-90;Agente;Inativo
BDV-9F76;M.BENZ/ATEGO;M.BENZ/ATEGO 2426;PRI PONTA GROSSA GARAGEM;J R DE SOUZA ABRAHAO LOCADORA EIRELI ME;Andrés Alberto Cáceres;Andrés Alberto Cáceres;23.883.638/0001-13;Agente;Ativo
EEA-7J90;MERCEDES BENZ;AXOR 2041 LS;PRI PONTA GROSSA GARAGEM;J R DE SOUZA ABRAHAO LOCADORA EIRELI ME;Andrés Alberto Cáceres;Andrés Alberto Cáceres;23.883.638/0001-13;Agente;Ativo
CYB-1D22;VW;17.210 MOTOR CUMMINS;PRI PONTA GROSSA GARAGEM;JOAO PEDRO GARCIA SILVA TRANSPORTES;Rafael da Silva Nascimento;Márcio Asnal Ribeiro ;41.103.154/0001-96;Agente;Inativo
MEJ-3F31;SR/GUERRA;AG FG;EPC CURITIBA;J R DE SOUZA ABRAHAO LOCADORA EIRELI ME;Andrés Alberto Cáceres;Andrés Alberto Cáceres;23.883.638/0001-13;Agente;Ativo
FHL-9H16;VW;15190 CRM 4X2 4P;PRI PONTA GROSSA GARAGEM;JOAO PEDRO GARCIA SILVA TRANSPORTES;Rafael da Silva Nascimento;Márcio Asnal Ribeiro ;41.103.154/0001-96;Agente;Inativo
IZD-6B79;M.BENZ;AXOR 2041LS;EPC CURITIBA;J R DE SOUZA ABRAHAO LOCADORA EIRELI ME;Andrés Alberto Cáceres;Andrés Alberto Cáceres;23.883.638/0001-13;Agente;Ativo
AYA-7F47;M.BENZ;TRUCK;PRI PONTA GROSSA GARAGEM;TRANSPORTES W C M LTDA;Silvio Alves;Joel Schemuda;05.248.305/0001-30;Agente;Ativo
ATR-0133;M.BENZ;M.BENZ/L 1314;PRI PONTA GROSSA GARAGEM;J L VIEIRA TRANSPORTES LTDA;Silvio Alves;Joel Schemuda;43.745.004/0001-01;Agente;Inativo
AXW-6774;SCANIA;SCANIA / P360 / 4X2;PRI PONTA GROSSA GARAGEM;TRANSPORTES W C M LTDA;Silvio Alves;Joel Schemuda;05.248.305/0001-30;Agente;Inativo
AXW-6H75;SCANIA;SCANIA / P360 4X2;PRI PONTA GROSSA GARAGEM;TRANSPORTES W C M LTDA;Silvio Alves;Joel Schemuda;05.248.305/0001-30;Agente;Inativo
BBK-0G23;VOLKSWAGEN;DELIVERY;PRI PONTA GROSSA GARAGEM;LIDIA FINATTI E CIA LTDA;Silvio Alves;Joel Schemuda;08.769.033/0001-02;Agente;Inativo
AFZ-0E71;M.BENZ;L 1418;PRI PONTA GROSSA GARAGEM;OSNERY JOSE FERRAZ & CIA LTDA;Silvio Alves;Joel Schemuda;08.054.149/0001-65;Agente;Inativo
ABD-7921;VOLKSWAGEN;8150;PRI PONTA GROSSA GARAGEM;LIDIA FINATTI E CIA LTDA;Silvio Alves;Joel Schemuda;08.769.033/0001-02;Agente;Inativo
LYK-8971;FIAT;FIORINO IE;PRI PONTA GROSSA GARAGEM;LIDIA FINATTI E CIA LTDA;Silvio Alves;Joel Schemuda;08.769.033/0001-02;Agente;Inativo
AMW-8776;VOLKSWAGEN;15.180;PRI PONTA GROSSA GARAGEM;LIDIA FINATTI E CIA LTDA;Silvio Alves;Joel Schemuda;08.769.033/0001-02;Agente;Inativo
CUE-2C37;M.BENZ;915C;PRI PONTA GROSSA GARAGEM;MM ENCOMENDAS;Andrés Alberto Cáceres;Andrés Alberto Cáceres;08.015.807/0001-00;Agente;Inativo
MHK-5879;VOLKSWAGEN;8.120;PRI PONTA GROSSA GARAGEM;MM ENCOMENDAS;Andrés Alberto Cáceres;Andrés Alberto Cáceres;08.015.807/0001-00;Agente;Inativo
BAW-5184;RENAULT;MASTER CH;PRI PONTA GROSSA GARAGEM;MM ENCOMENDAS;Andrés Alberto Cáceres;Andrés Alberto Cáceres;08.015.807/0001-00;Agente;Inativo
AYB-3285;REB/LINSHALM;REB/LINSHALM SRF2ECL;PRI PONTA GROSSA GARAGEM;TRANSPORTES W C M LTDA;Silvio Alves;Joel Schemuda;05.248.305/0001-30;Agente;Ativo
AYB-1464;REB/LINSHALM;REB/LINSHALM SRF2ECL;PRI PONTA GROSSA GARAGEM;TRANSPORTES W C M LTDA;Silvio Alves;Joel Schemuda;05.248.305/0001-30;Agente;Ativo
AYM-7B29;FIAT/FIORINO 1.4 FLEX;FIAT/FIORINO 1.4 FLEX;PRI PONTA GROSSA GARAGEM;TRANSPORTES SABATOSKI LTDA;Silvio Alves;Joel Schemuda;06.146.044/0001-00;Agente;Inativo
